Backorders,Backorders
Pre-Orders,Pre-Orders
Status,Status
"This product is Pre-Order and cannot be shipped","This product is Pre-Order and cannot be shipped"
SKU:,SKU:
Ordered,Ordered
Pre-Ordered,Pre-Ordered
Pre-Order,Pre-Order
"In stock","In stock"
"Out stock","Out stock"
"not Available","not Available"
"Add to Cart","Add to Cart"
Pre-order,Pre-order
"In Stock","In Stock"
"Out Stock","Out Stock"
available,available
"Pending Pre-Order","Pending Pre-Order"
"Processing Pre-Order","Processing Pre-Order"
Preorders,Preorders
"Pre-Order Note","Pre-Order Note"
"Pre-Order Status","Pre-Order Status"
